dietrich,midgmbh
dietrich,midholding
dietrich,cawdietrich
dietrich,quattrexfinance
dietrich,quattrexsports
gaiser,horvathag
gaiser,recaroholding
gaiser,ieg
gaiser,putsch
jenner,kaercherfoerderstiftung
jenner,kaercher
ohlicher,toto
porth,daimlerag
porth,mercedesbenzvans
porth,mercedesbenz
reiner,mercedesbenzfinanzgmbh
reiner,mercedesbenzfinancialusa
reiner,daimlerfinancialservices
reiner,daimlerfinancialcanada
reiner,mercedesbenzbank
sugg,robertboschgmbh
sugg,fanclubcourage
vfb,dietrich
vfb,porth
vfb,gaiser
vfb,jenner
vfb,ohlicher
vfb,reiner
vfb,sugg
vfb,mercedesbenzbank
vfb,jako
vfb,krombacher
vfb,mercedesbenz
vfb,betano
vfb,kaercher